{
    "clearColor": {
        "a": 1.0,
        "b": 0.10000000149011612,
        "g": 0.10000000149011612,
        "r": 0.10000000149011612
    },
    "text": {
        "fontPath": "fonts/arial.ttf",
        "fontSize": 16,
        "textColor": "#D8DEE9"
    },
    "tileRendering": {
        "batchSize": 1000,
        "enableBlending": true,
        "enableSorting": true
    }
}